id,name
1,RAC
2,Sir Robert McAlpine
3,Teleperformance
4,Ramsay Health Care
5,Evri
6,Crown Pet Foods Ltd
7,Busy Bees
8,Targeted Provision Ltd
9,EE
10,Witherslack Group
11,BAE Systems
12,Ipsos
13,Gopuff
14,KFC UK
15,Butlin's
16,Kerry Group
17,Ocado Logistics
18,2 sisters Food Group
19,The Human Support Group Limited
20,Halfords
21,Network Plus
22,Kier Group
23,Mars Petcare UK
24,Barclays Bank PLC
25,Coca-Cola Europacific Partners
26,HAYS
27,"Arrow Electronics, Inc."
28,Amazon Flex
29,Turning Point
30,Comfort Call Limited
31,Samworth Brothers
32,Constance Care Limited
33,Raising Cane's
34,Lidl GB
35,Co-op
36,MyJobQuote
37,Simplyhealth
38,Dover Precision Components
39,KP Snacks
40,Hestia Housing and Support
41,Area Camden
42,ISP School
43,Vivid Resourcing
44,My Four Wheels
45,Park Avenue Recruitment
46,Carrington West
47,Caretech
48,Forvis Mazars
49,Butlins
50,Gifford and Partners Recruitment Limited
51,Johnson Controls
52,Zodiac Recruitment
53,Lalizas UK
54,Ocado
55,SI Recruitment
56,Army
57,Enterprise Mobility
58,Invitise Ltd
59,Home Life Carers Limited
60,Defence
61,Colten Care Limited
62,Hays
63,TRS Consulting
64,Dedicate Recruitment Ltd
65,Newto Training
66,Groomfield Recruitment
67,Sert
68,Risktec Solutions Ltd
69,Ribbons and Reeves Limited
70,Jobsined Ltd
71,Bennett and Game Recruitment LTD
72,ADAPT RECRUITMENT GROUP LIMITED
73,Academics Ltd
74,Employment Specialist
75,Spark Academy
76,Busy Bees Nurseries
77,Vermelo
78,TQR
79,Swift Recruit
80,Experian Ltd
81,BDO
82,Venture Recruitment Ltd
83,Hillarys Blinds
84,t2 group
85,Bolt Technical Limited
86,Hayley Dexis
87,Sierra 57 Consult
88,Todd Hayes Ltd
89,Simply Education
90,Recruitment Helpline Ltd
91,Bennett and Game
92,Wolseley
93,ReeVR
94,Fusion People
95,RJS Resourcing Ltd
96,Pilgrims Europe
97,Arup CWS
98,Omnia Resourcing Ltd.
99,Arthian Ltd
100,Arnold Clark.
101,Mellis Blue Ltd
102,Microlink PC  Limited
103,Aqumen Recruitment
104,Otis
105,Bloor Homes - School Leavers & Graduates
106,Mainstay Industrial
107,Encompass Health Rehabilitation Hospital of Midland Odessa
108,Headway
109,Encompass Health Rehabilitation Hospital of Sarasota
110,UCHealth
111,Portsmouth Regional Hospital
112,Milton Hershey School
113,Encompass Health Rehabilitation Hospital of Lakeland
114,Encompass Health Rehabilitation Hospital of Altamonte Springs
115,Weatherby Healthcare
116,"Mclane Company, Inc."
117,Terraces of Boise - a HumanGood community
118,Clean Harbors
119,Ascension
120,Encompass Health Rehabilitation Hospital of Fitchburg
121,Rehabilitation Hospital of Athens
122,Instacart Shoppers
123,Encompass Health Rehabilitation Hospital of Middletown
124,Encompass Health Rehabilitation Hospital of Katy
125,Encompass Health Rehabilitation Hospital of Largo
126,Cherrelyn Healthcare Center
127,Encompass Health Rehabilitation Hospital of Cypress
128,Baptist Health Rehabilitation Hospital
129,"Shiftkey, LLC"
130,AMN Healthcare
131,"Shannon Rehabilitation Hospital, an affiliate of Encompass Health"
132,KinderCare Education
133,Premier Transportation
134,Spectrum
135,Rehabilitation Hospital of Fort Myers
136,CenterWell Home Health
137,Patricia Neal Rehabilitation Hospital
138,"Rusk Rehabilitation Hospital, an affiliation of Encompass Health and MU Health Care"
139,Methodist Hospital Texsan
140,Crew Carwash
141,Encompass Health Deaconess Rehabilitation Hospital
142,Centerpoint Medical Center
143,Overland Park Regional Medical Center
144,Methodist Hospital Stone Oak
145,Encompass Health Rehabilitation Hospital of The Woodlands
146,Sutton Dental & Braces - a Benevis company
147,The Quad Cities Rehabilitation Institute
148,Encompass Health Rehabilitation Hospital of Braintree at Framingham
149,"CHI St. Joseph Health Rehabilitation Hospital, an affiliate of Encompass Health"
150,Las Palmas Medical Center
151,Capital Health
152,HCA Florida Osceola Hospital
153,"Ascension St. John Rehabilitation Hospital, an affiliate of Encompass Health - Owasso"
154,Encompass Health Rehabilitation Hospital of Cape Coral
155,Dunkin/Baskin - Marshfield
156,Encompass Health Rehabilitation Hospital of Concordville
157,LifeBridge Health
158,Encompass Health Rehabilitation Hospital of Jonesboro
159,Encompass Health Rehabilitation Hospital of Florence
160,St. David's South Austin Medical Center
161,Medical City Dallas
162,TriStar Greenview Regional Hospital
163,Gentle Dental
164,Dunkin' - Stout
165,HCA Healthcare
166,Taylor Dental & Braces - a Benevis company
167,SAS Retail Services
168,Country Fair
169,AMR
170,Agape Care Group
171,St Davids ER Ctr - E Riverside
172,"West Tennessee Healthcare Rehabilitation Hospital Cane Creek, a partnership with Encompass Health"
173,"West Tennessee Healthcare Rehabilitation Hospital Jackson, a partnership with Encompass Health"
174,"CHI St. Vincent Sherwood Rehabilitation Hospital, a partner of Encompass Health"
175,Encompass Health Rehabilitation Hospital of Clermont
176,Zaxby's
177,Encompass Health Rehabilitation Hospital of Modesto
178,Department of Veterans Affairs
179,Encompass Health Lakeshore Rehabilitation Hospital
180,HCA Florida Brandon Hospital
181,CommonSpirit Health
182,HCA HealthONE Swedish
183,UPMC Central PA
184,Encompass Health Rehabilitation Hospital of Alexandria
185,Creston Dental & Braces - a Benevis company
186,"Encompass Health Rehabilitation Hospital, a partner of Memorial Hospital at Gulfport"
187,Encompass Health Rehabilitation Hospital of Columbia
188,Banner Health
189,"Kansas Rehabilitation Hospital, a joint venture of Encompass Health and Stormont Vail Health"
190,Saint Luke's
191,"Walton Rehabilitation Hospital, an affiliate of Encompass Health"
192,Encompass Health Rehabilitation Hospital of Houston at The Medical Center
193,Encompass Health Rehabilitation Hospital of Cumming
194,Rapides Regional Medical Center
195,Encompass Health Rehabilitation Hospital of Dallas
196,St David's ER Ctr - South Lamar
197,Ochsner Health System
198,Encompass Health Rehabilitation Hospital of Panama City
199,Fairview
200,"The Rehabilitation Institute of Ohio, a Joint Venture between Premier Health and Encompass Health"
201,Meijer
202,TriStar Hendersonville Medical Center
203,Encompass Health Rehabilitation Hospital of Wichita Falls
204,Parham Doctors' Hospital
205,Stellar Senior Living [Parent]
206,Encompass Health Rehabilitation Hospital of Waco
207,The Rehabilitation Institute of Southern Illinois
208,Pippin Dental & Braces - a Benevis company
209,Unity Memphis
210,Mission Hospital
211,Encompass Health Rehabilitation Hospital of North Alabama
212,St. David's Medical Center
213,St. David's North Austin Medical Center
214,Encompass Health Rehabilitation Institute of Libertyville
215,Encompass Health Rehabilitation Hospital of Huntington
216,Essentia Health
217,"New England Rehabilitation Hospital of Portland, a Joint Venture of Maine Medical Center and Encompass Health"
218,Encompass Health Rehabilitation Hospital of Ocala
219,Encompass Health Rehabilitation Hospital of Parkersburg
220,Advantia Health
221,Encompass Health Rehabilitation Hospital of Tallahassee
222,Oak Street Health
223,TriStar StoneCrest Medical Center
224,Sutter Health Hospital Supported Recruitment
225,Encompass Health Rehabilitation Hospital of Franklin
226,Sutter Medical Group
227,HCA HealthONE Aurora
228,Encompass Health Rehabilitation Hospital of Northwest Tucson
229,Global Medical Staffing
230,Porter Dental & Braces - a Benevis company
231,ABS Kids
232,Tufts Medicine
233,Del Sol Medical Center
234,Fairlawn Rehabilitation Hospital
235,Rehabilitation Hospital of Phenix City
236,CSL Behring
237,LocumTenens.com
238,Encompass Health Rehabilitation Hospital of Amarillo
239,Methodist Hospital
240,Kansas Youth Dental & Braces - a Benevis company
241,Loma Linda University Faculty Medical Group
242,Encompass Health Rehabilitation Hospital of Albuquerque
243,HCA HealthONE Mental Health and Wellness Center
244,Encompass Health Rehabilitation Hospital of Irmo
245,Phoebe Ministries
246,Encompass Health Rehabilitation Hospital of Littleton
247,Encompass Health Rehabilitation Hospital of Chattanooga
248,Encompass Health Rehabilitation Hospital of Shreveport
249,Carle Health
250,Christus Health
251,Encompass Health Rehabilitation Hospital of Naples
252,HCA Florida West Tampa Hospital
253,Rehabilitation Hospital of Columbus
254,TriStar Centennial Medical Center
255,HCA Healthcare Summerville Hospital
256,Rydal Park - a HumanGood community
257,Ryder System
258,Taco Bell - Atmore
259,Spencer Dental & Braces - a Benevis company
260,Panera Bread - St. Clairsville
261,Encompass Health Rehabilitation Hospital of Reading
262,Swedish Health Services
263,Encompass Health Rehabilitation Hospital of Toledo
264,St. David's Healthcare at Home
265,Encompass Health Rehabilitation Hospital of Rock Hill
266,HCA Florida Raulerson Hospital
267,Geisinger Encompass Health Rehabilitation Hospital
268,Willow Tree Care Center
269,"Yuma Rehabilitation Hospital, an affiliation of Encompass Health and Yuma Regional Medical Center"
270,Pizza Hut-Stoughton
271,Encompass Health Rehabilitation Hospital of Braintree
272,Memorial Health University Medical Center
273,LewisGale Hospital Montgomery
274,AHN Healthcare@Home
275,"The Rehabilitation Institute of St. Louis - St. Peters, an affiliation of BJC HealthCare and Encompass Health"
276,Rehabilitation Hospital of Atlanta
277,Encompass Health Rehabilitation Hospital of New England
278,HCA Florida Capital Hospital
279,HCA Florida South Tampa Hospital
280,Life Care Center of Sierra Vista
281,HCA Florida Fort Walton-Destin Hospital
282,Encompass Health Rehabilitation Hospital of Scottsdale
283,Epic Special Education Staffing
284,Dunkin' - Reedsburg
285,Methodist Hospital Specialty and Transplant
286,Aspirus Health
287,OhioHealth
288,Encompass Health Rehabilitation Hospital of Concord
289,Methodist ER Boerne
290,Fairview Park Hospital
291,FOX Rehabilitation
292,"South Plains Rehabilitation Hospital, an affiliate of UMC and Encompass Health"
293,Encompass Health Rehabilitation Institute of Tucson
294,Blue Ridge Regional Hospital
295,UVA Encompass Health Rehabilitation Hospital
296,Eastside Rehabilitation Hospital
297,Research Medical Center
298,Van Matre Encompass Health Rehabilitation Institute
299,HCA Healthcare Trident Hospital
300,Encompass Health Rehabilitation Hospital of Spring Hill
301,Encompass Health Rehabilitation Hospital of Pearland
302,St. David's Healthcare
303,Taco Bell - St John
304,Methodist Healthcare at Home
305,Physicians Care
306,"CHI St. Vincent Hot Springs Rehabilitation Hospital, a partner of Encompass Health"
307,"Marriott International, Inc"
308,TriStar Skyline Medical Center
309,Johnston-Willis Hospital
310,Encompass Health Rehabilitation Hospital of Kissimmee
311,"University of Iowa Health Network Rehabilitation Hospital, a venture with Encompass Health"
312,Methodist Hospital Northeast
313,Overlake Terrace Retirement Community
314,"St. John Rehabilitation Hospital, an affiliate of Encompass Health"
315,Encompass Health Rehabilitation Hospital of Montgomery
316,"Encompass Health Rehabilitation Hospital, an affiliate of Martin Health"
317,"Encompass Health Rehabilitation Hospital of Tinton Falls, a Joint Venture with Monmouth Medical Center"
318,Trinity Health
319,Dunkin' - West Salem
320,CompHealth
321,Encompass Health Rehabilitation Hospital of Manati
322,Discount Tire
323,Encompass Health Rehabilitation Hospital of Salisbury
324,Taco Bell - Whittier
325,HCA HealthONE Presbyterian St. Luke's
326,Memorial Satilla Health
327,HCA Florida West Marion Hospital
328,Transylvania Regional Hospital
329,Vanderbilt Stallworth Rehabilitation Hospital
330,HCA HealthONE Rose
331,Encompass Health Rehabilitation Hospital of North Memphis
332,Encompass Health Rehabilitation Hospital of Erie
333,HCA Florida Bayonet Point Hospital
334,Cardinal Hill Rehabilitation Hospital
335,Encompass Health Rehabilitation Hospital of Petersburg
336,Encompass Health Rehabilitation Hospital of Mechanicsburg
337,Creatio
338,Link Group
339,Integral Solutions
340,DS STREAM
341,Żabka Polska Sp. zo.o.
342,CCC S.A.
343,SpotOn
344,Unity-T Group
345,Action Gear Brands Sp. z o.o.
346,Idego Group Sp. z o.o.
347,Deloitte
348,Capgemini
349,Antal
350,DCG Sp. z o.o
351,Aristocrat
352,Sopra Steria Poland
353,Infolet sp. z o.o.
354,Choice QR
355,Bayer
356,Scalo
357,Holisticon Connect
358,IDEAL WORK GERMANY SP. Z O.O.
359,GFT Poland
360,Motorola Solutions Systems Polska
361,DCG sp. z o.o.
362,Pro Business Solutions IT
363,Tomczak Stanisławski Marketing
364,LUMO by Performance Group
365,NASK Państwowy Instytut Badawczy
366,Get it together
367,Xebia sp. z o.o.
368,PKO Finat Sp. z o.o.
369,Addepto
370,Oversee
371,From Poland With Dev
372,SquareOne
373,Upvanta
374,HSBC Technology Poland
375,HERE Technologies
376,KPMG
377,Edge One Solutions Sp. z o.o.
378,Verita HR
379,JAGA Recruitment
380,Kontakt.io
381,T-Mobile Polska
382,Mindbox Sp. z o.o.
383,Growton
384,Audit HR
385,Winged IT
386,Weegree
387,Apollogic
388,Perfect Data Sp. z o.o.
389,8Bit
390,ABB
391,Pronar Sp. z o.o.
392,CommerzBank
393,Ework Group
394,1dea
395,Devire
396,Bankowy Fundusz Gwarancyjny
397,N-iX
398,Sea Machines Robotics Sp. z o.o.
399,Diagnostyka S.A.
400,JOBS LINK
401,HR WISE Sp. z o.o.
402,AVENGA 
403,STX Next
404,Connectis 
405,ITFS Sp. z o.o.
406,SPEEDNET SP. Z O.O.
407,Cognitran
408,Wakacje.pl
409,Spyrosoft
410,Vercom S. A.
411,Storkjet P.S.A.
412,CodiLime
413,teems.it sp. z o.o.
414,Modivo Group
415,Monday.com
416,Tesco Technology
417,SoftwareMill
418,Coffee Mug
419,Capgemini Invent
420,Allegro
421,Godel Technologies Europe
422,Polcode
423,Adfidence
424,RODAKIEWICZ KANCELARIA ADWOKACKA ALEKSANDRA RODAKIEWICZ
425,Experis Polska
426,Jamf
427,Codeloop
428,Box Inc.
429,Finture Sp. z o.o.
430,Gcore
431,JetBrains
432,Graphcore
433,Atos
434,Nethype Sp. Z O.O.
435,Sybilla Technologies Sp. z o.o.
436,MERIXSTUDIO
437,Talent Flow
438,Leroy Merlin
439,Shiji Poland
440,Symfonia
441,Hitachi Energy
442,Travelplanet.pl SA 
443,31 Concept
444,Billennium
445,ITSG
446,Rite NRG
447,PKO BP Finat
448,emagine Polska
449,Svitla Systems
450,Edge One Solutions Sp. z o.o
451,DCG
452,Nexio Management
453,Capgemini Polska
454,Sii
455,Infogain
456,Centrum Medyczno-Diagnostyczne Spółka z Ograniczoną Odpowiedzialnością
457,dmTECH Polska
458,Transition Technologies PSC
459,VESLOG
460,Jit Team
461,LLInformatics
462,B2Bnetwork
463,ARES SHIELD AI SPÓŁKA AKCYJNA
464,Simply Talented
465,Awareson Sp. z o.o.
466,Ness Solution
467,WealthArc
468,act digital
469,Yard Corporate
470,Citigroup
471,JTI Polska
472,Codepole
473,Grid Dynamics Poland
474,ASTEK Polska
475,Remodevs
476,Antal Sp. z o.o.
477,Alior Bank SA
478,Opendoor Labs Inc.
479,Sigma Software
480,Netguru
481,DCV Technologies
482,Comarch
483,Next Technology Professionals
484,Accenture
485,Lendi
486,Bayer Sp. z o.o.
487,best HR and PM solutions
488,Vstorm
489,Team Connect
490,TechTree
491,Surfer
492,dotLinkers
493,CSHARK
494,Red Global
495,Reply Polska Sp. z o. o.
496,Be in IT
497,DataArt
498,Code and Pepper
499,TQLO SPÓŁKA Z OGRANICZONĄ ODPOWIEDZIALNOŚCIĄ
500,Deviniti
501,Transition Technologies MS
502,STATSCORE Sp. z o.o.
503,Text SA
504,Connectis
505,Upside
506,Heineken
507,Capco Poland
508,CGI
509,Strix
510,Revolut
511,SmartRecruiters Inc.
512,RTB House
513,Distribusion Technologies
514,InPost
515,EPAM Systems
516,Euroclear
517,Superdevs
518,RAWIBOX Sp. z o.o.
519,Prosoma
520,Wave
521,Bioseco S.A.
522,Espeo Software
523,Entrada AI
524,ITS International Services Sp. z o.o.
525,Green Minds Sp.zo.o.
526,Appliscale
527,Flying Bisons
528,Margo
529,Onwelo Sp. z o.o.
530,SENACEA
531,Reef Technologies
532,TSS
533,Power Media
534,Crestt Sp. z o.o.
535,Simora
536,Tooploox
537,WTW
538,Adamed
539,ITMAGINATION
540,Siemens Digital Industries Software
541,Future Processing
542,Shelf
543,Bluebinary.io
544,KTPconTeyor
545,cloudatus
546,Lingaro
547,Experis Manpower Group
548,ESET
549,Kalamba Games
550,Sygnity
551,RITS Professional Services
552,Roche
553,AVSystem
554,Bank PEKAO S.A.
555,Trasko Invest Sp. z o.o.
556,SNI
557,Emerge Soft
558,DO OK • Life-changing software services
559,Ingenious.Build
560,Cyclad
561,Neontri
562,Miquido
563,Axabee
564,Hero.DOT
565,Upvanta sp. z o.o.
566,Future Mind
567,Mondi Świecie Sp. z o.o.
568,Pwrteams
569,BlueSoft
570,P&P Solutions
571,ITLT
572,KRUK S.A
573,Limango Polska
574,SILVERHAND Dominik Matczak
575,speedapp
576,Toro Performance Sp. z o.o.
577,Damisa Technologies Ltd
578,LegalZoom
579,Motorola Solutions
580,4IT Solutions
581,Speeron Polska
582,Klient justjoin.it
583,CD PROJEKT RED
584,Green Hive Technology
585,Affirm
586,Inuits
587,ROCKWOOL GLOBAL BUSINESS SERVICE CENTER
588,HyLogic
589,VERTIGO GLOBAL
590,digatus personal GmbH
591,IT Factory
592,7N
593,ITCARD S.A.
594,MATURALNI SPÓŁKA Z OGRANICZONĄ ODPOWIEDZIALNOŚCIĄ
595,C&F
596,STRIVE Sp. z o.o.
597,Pretius
598,VikingCo Poland Sp. z o.o.
599,TPConnects Technologies
600,Team Up Recruitment
601,NextChallenge
602,People More P.S.A.
603,Moondigo Sp. z o.o.
604,ITDS
605,OneRail Poland Sp. z o.o.
606,MODIVO PLATFORM
607,LOTTE Wedel
608,PROWORK.PL
609,ARHELAN SPÓŁKA Z OGRANICZONĄ ODPOWIEDZIALNOŚCIĄ
610,ERGO Technology & Services
611,CodeTwo - HRejterzy
612,Lumicode Sp. z o.o. 
613,4 ECO Sp. z o.o.
614,Josera
615,Reply Polska
616,UNIQA
617,Monterail
618,Harvey Nash Technology
619,RetentionQ
620,Smyk
621,Jaga Recruitment Sp. z o.o.
622,MarketerHub.com
623,SILK Software House
624,Sunreef Venture SA
625,cerebre
626,S3 Connected Health
627,PIOKAMED Centrum Medyczne Karolina Skrzypek
628,GS Services
629,PTI Sp. z o.o.
630,Dentsu Polska
631,BIGGERB INTERACTIVE SP. Z O.O.
632,Pikseo Rafał Łapka Sp. K.
633,BEST S.A.
634,Kodland
635,Diety od Brokuła
636,Biedronka
637,BUDIMEX S.A.
638,Housecall Pro
639,HelloFresh
640,VB Idea Prosta Spółka Akcyjna
641,MIRBUD S.A.
642,HTH Recruitment
643,ECOTEC Polska
644,ZUE S.A.
645,Level Work
646,Britenet
647,Dr. Max
648,Żabka Polska sp. z o.o.
649,ENYO
650,XTB
651,Ten Square Games
652,Bank Pekao S.A.
653,Carrefour Polska Sp. z o.o.
654,Vodeno
655,Medicover
656,Synerise
657,digitalk
658,Nomios Poland Sp. z o.o.
659,Freedom
660,Synergy sp. z o.o.
661,Ludus AI
662,j-labs software specialist
663,eService Sp. z o.o
664,Medius
665,j-labs
666,Diverse CG Sp. z o.o. Sp.k.
667,PiwikPRO
668,Agencja Eventowa FSWO
669,MARTI FOX CONSULTANCY - FZCO
670,DPD Polska
671,Polpharma
672,proaxia consulting group ag
673,BusinessFirst
674,Detable
675,Polskie Koleje Państwowe S.A.
676,Open Loyalty
677,Intelek LTD Sp. z o.o. Oddział w Polsce
678,NIVEA Polska Sp. z o.o.
679,Concentrix CVG International
680,Milco
681,CodeTwo sp. z o.o. sp. k.
682,KODANO
683,Wavestone Poland
684,Workhouse4you
685,NSG Group w Polsce
686,Flame Employment Polska Sp. z o.o.
687,State Street
688,BRÜGGEN POLSKA
689,H2B Group
690,Centrum Medyczne Puławska
691,SEBADENT SPÓŁKA Z OGRANICZONĄ ODPOWIEDZIALNOŚCIĄ
692,Erbacher the food family 
693,Wyższa Szkoła Kształcenia Zawodowego
694,ING BANK ŚLĄSKI SPÓŁKA AKCYJNA
695,Grupa VIST Roczniak S.K.A.
696,Mudita
697,Admind
698,Jet job sp. z o.o.
699,JustIdea Agency
700,Hyundai Engineering Poland Sp. z o.o.
701,OPEN-UP SPÓŁKA Z OGRANICZONĄ ODPOWIEDZIALNOŚCIĄ
702,A1 Sorter
703,PARP
704,ITIS
705,VML
706,Elemont S.A.
707,RE/MAX Dream Living
708,Callstack
709,EDELWEISS E. STANKIEWICZ A. KLUZEK SPÓŁKA JAWNA
710,Mettler Toledo
711,SmartLunch
712,co.brick sp. z o.o.
713,iTeamly
714,John Deere Polska
715,Santander Leasing
716,Kompania Piwowarska
717,Marafiki s.c.
718,Lobo garage
719,Calamari
720,314
721,Żabka Polska
722,Xebia
723,Growton Group
724,Railsware
725,Jobman Group
726,OTTO Work Force
727,AUTENTI sp. z o.o.
728,PayU S.A.
729,VeloBank S.A.
730,Calimala.ai
731,Semly.ai
732,Duda-Cars S.A.
733,Adtrip
734,Pronar sp. z o.o.
735,Orange Polska
736,Cartrack Polska Sp. z o.o.
737,Optim Human Sp. z o.o
738,American Heart of Poland
739,Rublon
740,Loyalty Point
741,"""PROFIT"" SPÓŁKA Z OGRANICZONĄ ODPOWIEDZIALNOŚCIĄ"
742,Job Board Direct
743,MCS Group
744,REED Specialist Recruitment
745,VANRATH
746,Fieldmotion
747,Blue Arrow
748,Circle Group
749,Cunningham Contracts Ltd.
750,Fieldfisher
751,ARC IT Recruitment Ltd
752,Key Appointments UK Ltd
753,University of Bath
754,Trusted Technology Partnership
755,British Red Cross
756,Expleo Group
757,James Fisher and Sons
758,Figma
759,VIQU IT Recruitment
760,Spectrum It Recruitment Limited
761,Hunter Savage
762,Erin Associates
763,KAG Recruitment Consultancy Ltd
764,HAYS Specialist Recruitment
765,Hayward Hawk
766,Consortium Professional Recruitment
767,Danske Bank
768,Randox Laboratories
769,Gordons Chemists
770,Manufacturing Recruitment Limited
771,itim Ltd
772,Millgate
773,Canterbury Cathedral
774,Ernest Gordon Recruitment
775,Leidos
776,TECHNOLOGY AND RISK RECRUITMENT LTD
777,Teacheroo
778,Ashdown Group
779,Ipeco Holdings Limited
780,Flotek
781,IBEX RECRUITMENT LTD
782,Middle Recruitment Limited
783,Manpower
784,Redcentric
785,Talent Finder
786,Adler & Allan Ltd
787,Commercial Recruitment
788,Littlefish
789,Colt Technology Services UK
790,Nextech Group Limited
791,Harvey Nash
792,QA Limited
793,East Lothian Housing Association
794,Mazars
795,Larbey Evans Ltd
796,AV Jobs
797,TALENT LEADERS LTD
798,Employmint
799,Airbus
800,Exemplar Health Care
801,DXC
802,Ocho
803,Academics
804,Reeson Education
805,Multiverse
806,Network IT
807,Langley James Limited
808,Jeffries Recruitment
809,Coaction Recruitment Ltd
810,Understanding Recruitment
811,Agilis Search
812,Reed
813,Adria Solutions
814,Proactive Appointments
815,Digital Waffle
816,XACT PLACEMENTS LIMITED
817,SelectStaff Recruitment
818,PLANET RECRUITMENT SERVICES LTD
819,QA
820,Trinity Resource Solutions
821,Gleeson Recruitment Group
822,Hays Specialist Recruitment Limited
823,GreatFind Recruitment
824,Shropshire Doctors Co-operative Limited
825,Randstad Technologies
826,Verifone
827,Mastercard
828,BUUK Infrastructure
829,GET STAFFED ONLINE RECRUITMENT LIMITED
830,BUSINESS DISABILITY FORUM
831,ECS
832,DGH Recruitment
833,McCormick UK Limited
834,Digicomm 360
835,Smartsearch Recruitment Ltd
836,Chisholm Bookmakers Ltd
837,Uppingham School
838,Muller Dairy
839,Deerfoot Recruitment Solutions
840,DWP Digital
841,Apogee Corporation**
842,MASS Consultants
843,Michael Page Technology
844,Pure Resourcing Solutions
845,Michael Page Business Support
846,Braundton Consulting Limited
847,Jameson Legal.
848,Escape Recruitment Serv Ltd
849,Glasgow School of Art
850,St Columba's Hospice
851,Morgan Hunt Group Limited
852,Verus Recruitment
853,Musgrave NI
854,Marstep Resourcing Solutions
855,MorePeople
856,Sopra Steria
857,Mott MacDonald
858,Rise Technical Recruitment Limited
859,Centre People Appointments
860,Lamb Personnel Ltd
861,I C Talent Ltd
862,Prospero Teaching
863,Mills & Reeve
864,British Antarctic Survey
865,Durham University
866,Elevation Recruitment Group
867,Robert Half
868,vertex-it-solutions
869,4Square Recruitment Ltd
870,INTEC SELECT LIMITED
871,MORRIS SINCLAIR RECRUITMENT LTD
872,Ritz Recruitment Ltd
873,Oaklands Catholic School
874,TXP Technology x People
875,LJ Recruitment
876,Liquidline
877,Magnum Talent Ltd
878,Oscar Technology
879,Circle Recruitment
880,Sanderson
881,Profectus Recruitment
882,Bristow Holland
883,Ford & Stanley Select
884,RaptorTech Recruitment Ltd
885,New Appointments Group
886,The Search Consultant
887,Franklin Fitch
888,Infinity Recruitment Consultancy Ltd
889,Front & Front FM
890,Spider
891,Recruit Ventures
892,Cowgills
893,Eutopia Solutions ltd
894,Key Appointments  Ltd
895,Chapman Tate Associates
896,Get Staffed Online Recruitment Limited
897,Context Recruitment Limited
898,167 Solutions Ltd
899,Ruby Energy
900,Eligo Recruitment
901,Metaskil Limited
902,The Recruiters Room
903,P3M Recruitment
904,Neoci Ltd
905,Devonshire Hayes Recruitment Specialists Limited
906,Cummins Mellor Recruitment
907,Machine Mart
908,Responsive Personnel
909,Ideal Personnel and Recruitment Solutions
910,Distinct Recruitment
911,Spencer Clarke Group
912,Asset Resourcing Limited
913,Pets at Home
914,entrust IT
915,Deerfoot Recruitment Solutions Ltd
916,Workstreet
917,Hireful
918,Wills Consultants Ltd
919,GARMIN  LIMITED
920,Focus Resourcing Group
921,APPRENTIFY
922,ACS Performance
923,Charles Jenson Recruitment Ltd
924,INTRIX SYSTEMS LIMITED
925,Marsden International Legal Search Limited
926,Apogee Corporation
927,Reperio Human Capital
928,UK Mission Enterprise Ltd
929,Adecco
930,Armstrong Knight
931,Matchtech
932,Apache Associates
933,Clark Contracts Ltd
934,Richard Irvin
935,Angus Council
936,Candidate Source Ltd
937,Formula Recruitment
938,KINETECH RECRUITMENT LTD
939,MSA Data Analytics Ltd
940,For Recruitment
941,Picture More
942,Robert Walters
943,MFK Recruitment
944,YOPA
945,Venn Group
946,General Pharmaceutical Council
947,RD Financial Recruitment
948,Care UK
949,Simpson Judge Ltd
950,Arc IT Recruitment
951,turn IT on
952,Hillarys
953,Sage
954,Corriculo Ltd
955,RITZ RECRUITMENT
956,People First
957,Incite Insight
958,Southern Lights
959,Greys Specialist Recruitment
960,BELCAN
961,Blackwater Recruitment
962,CMD Recruitment
963,IMT Resourcing Solutions
964,Office Angels
965,Netcom Online Learning
966,Techunite Ltd
967,Macildowie Recruitment and Retention
968,Big Red Recruitment
969,Polkadotfrog
970,i2i Recruitment Consultancy
971,Flexible Solutionz
972,AD WARRIOR
973,JMF ASSOCIATES
974,Motus Recruitment
975,Department for Work and Pensions
976,Strategic Resources ERC Ltd
977,Connect2Employment
978,Muller UK & Ireland
979,Options IT
980,High Finance  Limited T/A HFG
981,University of East Anglia
982,CDW UK
983,Chase Global
984,Xoriant
985,Randstad Education
986,Sanderson Recruitment
987,Latcom
988,Clear IT Recruitment Limited
989,Nexus Jobs Limited
990,Self
991,CITIC
992,Handle Recruitment
993,Stonegate Group
994,Spectrum IT Recruitment
995,Society
996,South Western Railway
997,Cerco
998,AWD online
999,hireful.
1000,Ernest Gordon Recruitment Limited
1001,Thefutureworks
1002,Advanced Resource Managers Limited
1003,Royal Agricultural University
1004,Nigel Wright Group
1005,Akkodis
1006,Smartsearch Recruitment
1007,SER  Ltd
1008,Coburg Banks Limited
1009,Arup
1010,Montpellier Resourcing
1011,Ark ICT Solutions Ltd
1012,Connected IT
1013,Wildcat Careers
1014,Ashby Computers
1015,Firmdale Head Office
1016,Spectrum IT
1017,Career Cross Ltd
1018,TSR Legal
1019,Rise Technical Recruitment
1020,AVK
1021,Millennium Hotel and Resorts UK
1022,Tradewind Recruitment
1023,Weybourne
1024,Planet Recruitment
1025,Fincroft
1026,Indra UK
1027,TTP
1028,JDR Recruitment
1029,Infleqtion
1030,Travail Employment Group - Wellingborough
1031,Primary Goal
1032,Rebellion
1033,La Fosse Associates
1034,Ofcom
1035,Hive
1036,Hilton
1037,Druck Limited
1038,Sandwell College
1039,Amentum
1040,VIQU IT
1041,IT Talent Solutions
1042,Clear IT Recruitment
1043,IT Career Switch
1044,Arthur
1045,Antella Travel Recruitment
1046,Investigo
1047,Roc Search Europe Limited
1048,Additional Resources
1049,Michael Page
1050,Right Recruitment
1051,Brellis Recruitment
1052,Wolviston Management Services
1053,Cameron James Professional Recruitment
1054,DCS Recruitment Limited
1055,WeDoData
1056,Pell Frischmann
1057,KPJ Group
1058,Focus Resourcing
1059,KAG Recruitment Consultancy
1060,Morgan Jones Recruitment Consultants
1061,Hays Technology
1062,Hunter Selection
1063,NES Group Ltd
1064,Howdens Joinery
1065,Reed Technology
1066,Education at Ivy Resource Group
1067,Travail Employment Group
1068,Charles Simon Associates Ltd
1069,HF Search Ltd
1070,SW Locums
1071,Euro Projects Recruitment
1072,C&M Travel Recruitment
1073,BTG Recruitment
1074,BDO NI
1075,Siemens
1076,Ardingly College
1077,Technify Talent Limited
1078,Tech Bridge Recruiting
1079,Sterling Bridge Limited
1080,DXP Talent Ltd
1081,Four Squared Recruitment Ltd
1082,Robert Webb Recruitment
1083,Ballards LLP
1084,The Good Shepherd Trust
1085,Adria Solutions Ltd
1086,Searchability  Ltd
1087,Reform UK
1088,Daimler Truck
1089,Linxon
1090,Provide
1091,Ascot Lloyd
1092,Corecruitment
1093,Corecruitment International
1094,United Autosports
1095,Next Generation Ltd
1096,Panoramic Associates
1097,The Inn Collection Group
1098,The Inn Collection
1099,Teledyne
1100,Teledyne Technologies
1101,Parkinson Lee
1102,Rullion Ltd
1103,Indeed Flex
1104,Lewis Paige
1105,Linear Executive Search Limited
1106,iDPP
1107,Zachary Daniels Recruitment
1108,Zachary Daniels
1109,Liberty Global
1110,Mandarin Oriental Mayfair
1111,Everfox
1112,Sapientia Education Trust
1113,Why Settle Holdings Limited
1114,Tagged Resources Ltd
1115,DALEMORE LIMITED
1116,Ad Warrior Ltd
1117,83zero Ltd
1118,QA Apprenticeships
1119,83zero Limited
1120,Quest Search and Selection Ltd
1121,Elevate Recruitment.
1122,Barking & Dagenham College
1123,Core Power
1124,hyble
1125,Bucks and Berks Recruitment
1126,Expleo UK LTD
1127,Bristol Rovers FC
1128,Fresha
1129,JobsinED
1130,Diamond Search Recruitment Ltd
1131,Beatport
1132,Sunseeker
1133,American Bureau of Shipping
1134,Stradbroke High School
1135,Sanity
1136,Ashbury
1137,Pennon Water Services
1138,Modulr
1139,Trapeze Recruitment Services Ltd
1140,Morson Edge
1141,Disney
1142,ASPECT Studios
1143,Absolute Taste
1144,Ocean Infinity
1145,Shared Services Partnership
1146,OMERS
1147,Repton School
1148,Context Recruitment
1149,RSM UK
1150,Medtronic
1151,YPO
1152,Cripps
1153,Mandarin Oriental Hyde Park
1154,Randstad Technologies Recruitment
1155,Language Line
1156,Vernon Building Society
1157,Synnovate
1158,Long-term Teachers Ltd
1159,Norton Motorcycles
1160,USP College
1161,Infosys
1162,infosys
1163,Beechen Cliff School
1164,IT Search & Select
1165,Evolving Futures Recruitment Limited
1166,Red King Resourcing
1167,Bramatt Computing Ltd
1168,Quantock Talent Limited
1169,Cluett Reeve Ltd
1170,ARCA Resourcing Ltd
1171,Marchant Recruitment
1172,CITIC CLSA
1173,IT Fleet automotive
1174,Blockchain & Climate Institute/ BCI America Inc.
1175,Sword Group
1176,Costa Coffee
1177,VIQU Limited
1178,LONDON ACADEMY FOR APPLIED TECHNOLOGY
1179,TEC Partners
1180,Focus Group
1181,Statom Group Ltd.
1182,Black Tree Gaming Limited
1183,Brampton Recruitment
1184,info@postify.co.uk
1185,Team17 Digital
1186,Gattaca PBS
1187,Ocho People
1188,RGF Staffing UK
1189,THX Ltd
1190,Olive Jar Digital
1191,M3EU
1192,William Alexander
1193,Fuse Energy
1194,Culina Group
1195,DF Capital
1196,Vix Technology
1197,Placrrecruitment Co
1198,Oliver James Associates
1199,Cameron Clarke Associates
1200,Willis Aviation
1201,Rentokil Initial Group
1202,Mindgard
1203,Papyrus Software USA
1204,Ellison Institute of Technology
1205,Meridian Lawyers
1206,Valsoft Corporation
1207,Exchange People
1208,EX Venture
1209,wavenet
1210,Opus 2
1211,Selby Jennings London
1212,Pogust Goodhead
1213,Stone King
1214,Conexus DX Limited
1215,Genus PLC
1216,Zaizi
1217,Square One Resources
1218,Anglian
1219,Premier Group Recruitment
1220,Michael Page Finance
1221,ALTECH GROUP LTD
1222,ThermoFisher Scientific
1223,Operations Resources
1224,Computer Futures
1225,Experis
1226,Amazon
1227,Flutter
1228,GSF Car Parts
1229,Disturbia
1230,Vintage Cash Cow & Arcavindi
1231,Rolls-Royce
1232,Rutledge Group
1233,WSP
1234,Howden
1235,The City of Liverpool College
1236,Enorth Staffing Limited
1237,Cloud Imperium Games Limited
1238,Capita
1239,Avoira Limited
1240,Wolfspeed Services UK Limited
1241,arrivia. Go far in the travel industry.
1242,Marsh McLennan
1243,Encore Capital Group
1244,IT Cleaning Ltd.
1245,McGregor Boyall
1246,Dufeu IT
1247,Major Derby IT & Digital
1248,Total IT Technology Solutions Ltd
1249,Recruitment Revolution
1250,Euro-Projects Recruitment Ltd
1251,Bamford Contract Services Ltd
1252,Omega Resource Group
1253,Permanent Futures Limited
1254,DCA Recruitment
1255,Bowdon Associates Limited
1256,Holt Engineering
1257,AE Partners
1258,ARC Group
1259,Ideal Personnel & Recruitment Solutions Limited
1260,Hudson Shribman
1261,Manucomm Recruitment Ltd
1262,Morris Sinclair Recruitment
1263,Back TO Work
1264,Steeper Group
1265,Ritz Recruitment
1266,Travis Talent
1267,Constant Recruitment Ltd
1268,TXP
1269,Realise Recruitment
1270,Mercyhealth
1271,Stellantis
1272,"SimVentions, Inc - Glassdoor ✪ 4.6"
1273,Halliburton
1274,Xcel Energy
1275,cumberlandfarmsinc
1276,Govcio LLC
1277,CarShield
1278,Michigan Farm Bureau
1279,Civista Bank
1280,Blind Industries and Services of Maryland
1281,"AMETEK, Inc."
1282,NextEra
1283,NES Fircroft
1284,ANOTHER KNOCK AT MIDNIGHT INC
1285,EIGENNET LLC
1286,Benefits Management Group Inc
1287,Baltimore Consulting
1288,Surgery Partners
1289,A.O. Smith
1290,Circle
1291,Varsity Tutors
1292,Ivy Exec
1293,Defense Logistics Agency
1294,Hawaiian Electric Industries
1295,Mayo Clinic
1296,BGC Partners
1297,Colony Capital
1298,Heritage Bank NW
1299,"Equity Bancshares, Inc."
1300,Conduent
1301,"HEPCO, Inc."
1302,Year Up United
1303,STS Technical Services
1304,INJOGATE Technological Services LLC
1305,SDS Technology
1306,RedZone Technologies
1307,Clark Computer Services
1308,"SAGIN, LLC"
1309,SmartSource
1310,World Wide Technology
1311,SNI Technology
1312,"Judge Group, Inc."
1313,"Maximus, Inc."
1314,TEKsystems c/o Allegis Group
1315,"Cayuse Holdings, LLC"
1316,"Suffolk Transportation Service, Inc."
1317,Talent Portus
1318,M9 Solutions
1319,"Medline Industries, LP"
1320,Kforce Technology Staffing
1321,HighLevel
1322,TK Elevator Corporation
1323,ING
1324,Labcorp
1325,Cellectis
1326,SMBC Group
1327,United Natural Foods
1328,InterXion Holding N.V.
1329,Bok Financial
1330,"Align Technology, Inc."
1331,Atrium Health
1332,First Horizon
1333,Stifel
1334,Arbor Homes
1335,Rolls Royce
1336,Cella
1337,Zoologee 
1338,Quzara LLC
1339,NEXTROW INC
1340,Managed Care Staffers
1341,PerCSoft Consulting
1342,FLAVOR & FRAGRANCE
1343,Safran
1344,Insight Global
1345,Advanced Energy
1346,ManpowerGroup
1347,EMCOR Group
1348,Microsoft Corporation
1349,FECON
1350,Terumo Medical Corporation
1351,System One
1352,Health Advocates Network
1353,Actalent
1354,Cayuse Holdings
1355,"Compass Group, North America"
1356,CompuCom
1357,TEKSYSTEMS
1358,Entergy
1359,Fiserv
1360,Intercontinental Exchange 
1361,Paramount
1362,"Adecco US, Inc."
1363,Schaeffler
1364,US Tech Solutions
1365,Sanford Health
1366,"Continental Tire the Americas, LLC"
1367,TEKsystems
1368,CF Industries
1369,First National Bank
1370,Randstad Digital
1371,Confidential
1372,Na Oiwi Kane
1373,John Hopkins University
1374,Thermo Fisher Scientific
1375,Software Guidance & Assistance
1376,Resolution Technologies
1377,"Cetera Financial Group, Inc."
1378,TechSur Solutions
1379,Eliassen Group
1380,SpaceX
1381,Celestica International LP
1382,City of Tempe
1383,FedEx Office
1384,BlueCross BlueShield Of South Carolina
1385,Trail of Bits
1386,SAIC
1387,Randolph Electric Membership Corporation
1388,"Thinkbyte Consulting, Inc."
1389,"Perdue Farms, Inc."
1390,Neos Consulting
1391,GovCIO
1392,Advantage Technical
1393,Document Storage Systems Inc
1394,"Electronic Consulting Services, Inc "
1395,Aerospace Corporation
1396,ElevaIT Solutions
1397,Decisionpoint Corporation
1398,Booz Allen Hamilton
1399,Energy Transfer
1400,Aristek Consulting
1401,LMI Government Consulting (Logistics Management In
1402,"Rochdale Village, Inc."
1403,Southwest Research Institute
1404,Strategic Technology Institute Inc 
1405,ATI Inc.
1406,Kinetic Personnel Group
1407,Sinclair Broadcast Group
1408,STAND 8
1409,Bering Straits Native Corporation
1410,"Cascade Technology Services, LLC"
1411,"Compunnel, Inc."
1412,eStaffLLC
1413,"Conexess Group, LLC"
1414,Skillsoft
1415,Shiseido
1416,Barclays
1417,bdo consulting
1418,Stier Solutions Inc
1419,"US Tech Solutions, Inc."
1420,Telos Corporation
1421,Mondelez International
1422,Automated System Design
1423,Indotronix International Corp
1424,Boston Fusion Corp.
1425,"Ascendancy Group Ltd, The"
1426,Cayuse Technologies
1427,American Systems Corporation
1428,PingWind Inc.
1429,Beacon Hill
1430,Odyssey Systems Consulting Group
1431,Anonymous Employer
1432,The MASY Group LLC
1433,Crowe
1434,Michelin North America
1435,AGR LLC
1436,U.S. Army Cyber Command
1437,Regeneron Pharmaceuticals
1438,"Zachary Piper Solutions, LLC"
1439,Keaki Technologies
1440,Maximus Inc
1441,"NAVAL SYSTEMS, INC."
1442,VTG
1443,Goldbelt Inc
1444,Amazon.com Services LLC
1445,Northrop Grumman
1446,Generac Power Systems
1447,Lumen
1448,Aqua IT
1449,Burlington
1450,Ultium Cells
1451,Three Saints Bay
1452,Guidehouse
1453,American Tower
1454,Honeywell
1455,"ASM Research, An Accenture Federal Services Company"
1456,Bridgestone Americas
1457,PDS Tech Commercial
1458,ITW
1459,Lyft
1460,Corning Incorporated
1461,Shaw Industries Inc
1462,Nestle
1463,BLUEBINARY
1464,Forte
1465,AnitechSolutions
1466,VirtusLab
1467,Stackmine
1468,Vantive
1469,Ringier Axel Springer Tech
1470,VSI / Voice & Script International
1471,Santander Consumer Bank
1472,Soloplan Polska
1473,Generali Polska
1474,ITPunkt Sp. Z o.o.
1475,White Label Coders
1476,It-Develop
1477,Silky Coders
1478,LSI Software S.A.
1479,Kellton Poland sp. z o.o.
1480,IT TALENTO SPÓŁKA Z OGRANICZONĄ ODPOWIEDZIALNOŚCIĄ
1481,BCG Platinion
1482,MERITUS SPÓŁKA AKCYJNA
1483,SMART TOPAZ
1484,BNP Paribas Bank Polska
1485,Falck Digital Technology Poland Sp. z o.o.
1486,Capgemini Polska Sp. z o.o.
1487,Embla Medical
1488,WK DZIK
1489,Travelplanet.pl SA
1490,GET IT TOGETHER Sp. z o.o.
1491,Displate
1492,PZU Tech S.A.
1493,OTCF
1494,SPÓŁDZIELNIA MLECZARSKA RYKI
1495,DOTLOGIC SPÓŁKA Z OGRANICZONĄ ODPOWIEDZIALNOŚCIĄ
1496,ERGO Hestia
1497,Primaris Services
1498,Craftware
1499,PGE ENERGETYKA KOLEJOWA SPÓŁKA AKCYJNA
1500,Aventus Group
1501,ORLEN S.A.
1502,Pentacomp Systemy Informatyczne S.A.
1503,Axians IT Poland
1504,Krajowa Izba Rozliczeniowa S.A.
1505,Via Medica
1506,BUDIMEX
1507,Swarmer
1508,Axence
1509,Procter & Gamble
1510,"TOWARZYSTWO UBEZPIECZEŃ WZAJEMNYCH ""TUW"" AŁ"
1511,TZMO Group
1512,Leroy Merlin Polska
1513,DAC.digital
1514,Efigence S.A.
1515,Scanmed S.A
1516,Planteon.pl
1517,Telewizja Polska
1518,PSE Innowacje sp. z o.o.
1519,HireWise - Rekrutacja w Sprzedaży i Marketingu
1520,Jeronimo Martins
1521,BALTIC HUB CONTAINER TERMINAL
1522,OPmobility
1523,Schaeffler Global Services Europe Sp. z o.o.
1524,Fabrity S.A.
1525,moondigo sp. z o.o.
1526,CUK Ubezpieczenia
1527,Grafton Recruitment
1528,Bank Millennium
1529,COMARCH
1530,UniCredit Polska
1531,ZEHNDER GROUP BOLESŁAWIEC Sp. z o.o.
1532,ISS World Services
1533,StoneX Poland
1534,Madiff
1535,Andea
1536,EuroCert
1537,Selvita
1538,Port Gdańsk
1539,Danone
1540,T-Mobile
1541,CHEFS CULINAR Sp. z o.o.
1542,Arla
1543,Trimtab Sp. z o.o.
1544,PKO Bank Polski
1545,ISS World Services A/S
1546,Amer Sports
1547,"""ZEHNDER GROUP BOLESŁAWIEC""-SP. z o.o."
1548,dotLinkers - IT Recruitment
1549,Qualibase
1550,COMARCH S.A
1551,Aspire Systems Poland
1552,DANONE
1553,Abakus sp. z o.o.
1554,AgroAplikacje
1555,LAPP Business Services sp. z o. o.
1556,DSV
1557,BESTCAREERSHUB
1558,Polskie Sieci Elektroenergetyczne S.A.
1559,Nomad Electric Services
1560,Securivy - Bezpieczeństwo IT
1561,Pekabex
1562,GetSales
1563,Ready4S
1564,Totalizator Sportowy
1565,CMC POLAND SP. Z O.O.
1566,Centrum e-Zdrowia
1567,Arche Consulting Sp z o.o.
1568,Active-IT
1569,Sorigo
1570,IT360°
1571,Amso Sp. z o.o.
1572,MAPEI
1573,iView Recruitment
1574,Uczelnia Łazarskiego
1575,PARFUM COMPANY Sp. z o.o. S.K.A
1576,Ikano Industry Sp. z o.o.
1577,PPP-H LAMIX
1578,E-SUPPORT Sp. z o.o.
1579,Ceri International sp. z o.o.
1580,MUZEUM LUDOWYCH INSTRUMENTÓW MUZYCZNYCH W SZYDŁOWCU
1581,CERI International
1582,Anwis Sp. z o.o.
1583,Unirubber Sp. z o.o.
1584,PwC
1585,ZETO Lublin Sp. z o.o.
1586,MEDIALAND sp. z o.o.
1587,Robotec.ai
1588,Gi Group S.A.
1589,Dressler Dublin Sp. z o.o.
1590,Selsey Sp. z o.o.
1591,Sollers Consulting Sp. z.o.o
1592,Asseco Poland
1593,The Company
1594,IQFM
1595,SoftBlue 
1596,HRS IT Sp. z o.o.
1597,HTS CAP S.A. SICAV-RAIF
1598,RAVEN
1599,Ingrid
1600,FORTACO POLSKA SPÓŁKA Z OGRANICZONĄ ODPOWIEDZIALNOŚCIĄ
1601,Tuplex Sp. z o.o.
1602,Panasonic Cold Chain Poland Sp. z o.o.
1603,Citronex I Sp. z o.o.
1604,"Bridgestone Europe NV/SA Spółka Akcyjna Oddział w Polsce, SSC w Poznaniu"
1605,ALTEN Polska
1606,SaMASZ Sp. z o.o.
1607,RynekPierwotny.pl
1608,SZKOŁA W CHMURZE SP. Z O.O.
1609,
1610,Altkom Software
1611,B2B.NET S.A.
1612,H2b-group
1613,Laboratorium Robotyki
1614,PricewaterhouseCoopers
1615,Diaverum Polska
1616,GRUPA PZU
1617,Vasco Electronics S.A.
1618,Sescom S.A.
1619,Jit
1620,Stefanini EMEA
1621,SQUARE ONE RESOURCES sp. z o.o.
1622,WZ Partners
1623,B2B Network
1624,Magna Automotive Poland/ Sady k. Poznania
1625,Cloudity Sp. z o.o.
1626,SECTUM SPÓŁKA Z OGRANICZONA ODPOWIEDZIALNOŚCIĄ
1627,ROCKWOOL Group
1628,ITDS Polska Sp. z o.o.
1629,Magna International
1630,CCL Specialty Cartons Sp. z o.o
1631,Professionals Group
1632,Hangar 646
1633,Code & Pepper Sp. z o.o.
1634,PRETIUS SOFTWARE SP. Z O.O.
1635,Hays Poland
1636,Eracent
1637,www.TeamQuest.pl
1638,Simplicity
1639,TeamQuest
1640,Kayser Automotive Systems Kłodzko Sp. z o.o.
1641,HRK
1642,Mitsui High-tec  sp. z o.o.
1643,Verkada
1644,ENGINOVA sp. z o.o.
1645,POLENERGIA S.A.
1646,NAUTICOM TECHNOLOGY sp. z o.o.
1647,e-point SA
1648,Travcorp Poland Sp z o.o.
1649,PERFECTNET sp. z o.o.
1650,Personnel Service Sp. z o.o.
1651,GMV INNOVATING SOLUTIONS SPÓŁKA Z OGRANICZONĄ ODPOWIEDZIALNOŚCIĄ
1652,Randstad
1653,Park Rozrywki Majaland
1654,Spółdzielczy System Ochrony SGB
1655,Willson & Brown Sp. z o.o.
1656,Sellpy
1657,Bank BPH Spółka Akcyjna
1658,Bank Millennium S.A.
1659,AT Computers
1660,BNP Paribas Polska S.A.
1661,TAURON Obsługa Klienta sp. z o.o.
1662,FINTURE Sp. z o.o.
1663,Spółdzielnia Systemu Ochrony Zrzeszenia BPS
1664,Drobex-Agro Sp. z o.o.
1665,Alior Leasing
1666,Betacom S.A.
1667,Miratech
1668,Talentgrator
1669,Inetum Polska
1670,Trenkwalder & Partner sp. z o.o.
1671,Leroy Merlin Polska Sp. z o.o.
1672,Epcido Sp. z o.o.
1673,ILLUSTRO Doradztwo S.C.
1674,HCM Deck
1675,MOREBIT SPÓŁKA Z OGRANICZONĄ ODPOWIEDZIALNOŚCIĄ
1676,Click IT Group
1677,EMERGE IT SUPPORT SPÓŁKA Z OGRANICZONĄ ODPOWIEDZIALNOŚCIĄ
1678,GET IT TOGETHER SPÓŁKA Z OGRANICZONĄ ODPOWIEDZIALNOŚCIĄ
1679,
1680,
1681,
1682,
1683,
